date,revenue,DirectMail,Digital,Broadcast,Streaming,search_spend,search_impressions,holiday_major_shopping,holiday_year_end,holiday_thanksgiving,holiday_long_weekends,holiday_other
2020-08-03,76805902.47,1057899.27,51539.96,602843.06,164514.73,348511.05,107512.49,0,0,0,0,0
2020-08-10,82676118.08,987342.01,117687.8,567084.69,86406.01,337105.93,106573.08,0,0,0,0,0
2020-08-17,72849976.48,2892612.34,64128.71,250960.76,56431.77,331788.22,98465.91,0,0,0,0,0
2020-08-24,73035260.71,622879.76,167124.6,276531.54,81707.04,364241.9,168459.55,0,0,0,0,0
2020-08-31,88883748.69,3512750.33,212356.09,677242.07,177661.23,413415.43,110371.97,0,0,0,1,0
2020-09-07,59295326.59,855476.42,136028.18,458753.11,85347.37,302224.22,175002.89,0,0,0,0,0
2020-09-14,130266743.21,1761478.19,309059.47,232310.38,125275.91,345228.43,103046.16,0,0,0,0,0
2020-09-21,112939368.46,1798019.56,155836.53,240785.56,156134.45,181763.97,178653.5,0,0,0,0,0
2020-09-28,121075272.64,974216.1,227723.5,175952.62,118555.17,216377.59,101196.25,0,0,0,0,0
2020-10-05,134979080.07,942888.55,200040.68,475335.4,157007.37,278931.65,119691.41,0,0,0,0,0
2020-10-12,153315324.96,3101311.22,118575.14,630044.57,122868.94,580265.36,211752.98,0,0,0,0,1
2020-10-19,73407971.3,1338623.1,115214.91,642382.42,123618.79,545145.29,123622.66,0,0,0,0,0
2020-10-26,124962929.99,770516.71,141076.78,460553.79,46882.22,387739.72,142428.57,0,0,0,0,0
2020-11-02,83579032.58,2894270.28,232533.28,293235.08,176961.2,850114.63,318738.61,0,0,0,0,0
2020-11-09,158141452.06,1303818.77,164943.45,515662.26,267767.54,497897.82,185478.82,0,0,0,0,1
2020-11-16,195447102.29,3013435.12,238213.28,750092.28,326934.16,516516.69,355141.59,0,0,0,0,0
2020-11-23,162461451.61,3970157.17,455344.05,1002007.07,296340.07,930780.14,301340.22,1,0,1,0,0
2020-11-30,317685343.58,1176545.12,214639.77,405539.51,468279.93,2397976.27,628241.01,1,0,0,0,0
2020-12-07,170800655.42,2124608.47,422045.34,1883101.72,619089.42,1881414.05,516393.94,0,0,0,0,0
2020-12-14,351810026.33,1818942.56,259877.78,1051749.03,515915.45,641206.86,435541.92,0,0,0,0,0
2020-12-21,331687575.15,1452743.4,400609.55,1633958.81,569163.57,585153.69,210965.53,0,1,0,0,0
2020-12-28,113713914.52,1262014.18,211031.95,406387.64,248698.26,300174.0,174350.78,0,1,0,0,0
2021-01-04,112381330.01,112059.31,101873.39,452799.34,38931.45,356572.44,235202.75,0,0,0,0,0
2021-01-11,66173183.11,1804866.42,61505.16,403491.21,74373.51,312874.73,129614.4,0,0,0,0,0
2021-01-18,55458629.21,1127422.66,56180.26,425946.2,0.0,361003.87,132877.85,0,0,0,0,1
2021-01-25,94280392.04,1732589.79,82269.02,635922.69,30361.41,484578.69,143858.07,0,0,0,0,0
2021-02-01,67557428.66,1072758.84,100248.22,620772.66,135368.23,272242.38,148095.05,0,0,0,0,0
2021-02-08,88462758.82,300466.37,165072.66,259552.52,192990.7,501148.0,262710.79,0,0,0,0,1
2021-02-15,76550872.23,944447.35,131863.01,486463.58,175718.87,446100.8,159270.52,0,0,0,0,1
2021-02-22,122786725.8,940704.66,66257.01,185450.53,26468.85,383572.07,136146.47,0,0,0,0,0
2021-03-01,66765751.31,1324279.13,143195.9,368526.8,119460.69,375047.77,125299.4,0,0,0,0,0
2021-03-08,72734455.27,1363960.76,147036.76,647550.83,106824.97,226961.91,138116.64,0,0,0,0,0
2021-03-15,128787372.67,1644855.21,240592.59,340755.46,36127.98,433525.9,214148.29,0,0,0,0,0
2021-03-22,73632479.93,2277053.59,174743.7,547988.21,142478.28,451832.24,140770.73,0,0,0,0,0
2021-03-29,89984691.18,615790.23,225067.27,650371.53,103957.36,291331.73,142830.11,0,0,0,0,0
2021-04-05,72307133.15,173944.19,210700.24,519303.92,100706.29,488017.45,129553.18,0,0,0,0,1
2021-04-12,73979140.53,754975.83,117820.08,298533.55,87895.22,456849.93,228783.99,0,0,0,0,0
2021-04-19,98263588.23,2728296.1,91290.83,262393.58,28451.51,400970.97,131781.17,0,0,0,0,0
2021-04-26,188591309.96,1912372.18,160777.98,407874.71,275439.15,537025.27,247394.25,0,0,0,0,0
2021-05-03,113755946.32,3051358.34,173631.38,862503.85,418504.82,490468.94,147780.01,0,0,0,0,0
2021-05-10,71271111.09,1093871.17,198237.24,440652.35,95589.41,229461.01,237032.11,0,0,0,0,1
2021-05-17,83379848.82,258768.59,249746.48,254884.99,97113.21,274850.79,236066.39,0,0,0,0,0
2021-05-24,138865381.02,1028158.45,191447.39,207289.35,84238.87,271796.85,235321.11,0,0,0,1,0
2021-05-31,82206680.57,2388200.78,125682.96,239137.69,28377.88,419364.2,124875.23,0,0,0,0,0
2021-06-07,122762278.05,294496.44,228818.02,284808.92,71604.41,226282.56,199851.27,0,0,0,0,0
2021-06-14,104915034.7,2670898.75,194316.22,443183.53,333790.65,230984.37,208578.76,0,0,0,0,0
2021-06-21,67892788.71,570226.01,101862.2,506877.19,49305.87,242155.22,112576.05,0,0,0,0,1
2021-06-28,120356167.7,710271.0,128633.51,208185.8,166191.98,491493.63,125210.23,0,0,0,1,0
2021-07-05,74763117.94,454282.31,47784.3,554752.79,95335.68,354336.36,190296.32,0,0,0,0,0
2021-07-12,65975156.54,3086736.84,65491.98,227712.12,44360.6,326390.43,179615.64,1,0,0,0,0
2021-07-19,62301772.4,1028949.19,85826.06,191253.65,35059.15,358967.16,106431.73,0,0,0,0,0
2021-07-26,98990888.31,1573810.19,138560.03,287742.9,21666.88,197382.02,197096.47,0,0,0,0,0
2021-08-02,120437734.28,776695.06,100749.74,329852.27,55514.68,433526.71,212511.31,0,0,0,0,0
2021-08-09,138416377.65,659435.44,117193.06,435443.37,85388.0,462383.52,134587.88,0,0,0,0,0
2021-08-16,62043184.12,2076109.48,65073.81,313021.26,42896.43,359465.83,232345.31,0,0,0,0,0
2021-08-23,120930956.8,858349.33,146556.75,194556.31,38510.82,554544.18,232878.83,0,0,0,0,0
2021-08-30,71203583.61,1090140.69,176624.92,218370.92,110322.62,376559.22,146650.33,0,0,0,0,0
2021-09-06,81602654.0,2165479.95,226201.34,691966.46,227311.12,322196.63,147327.09,0,0,0,1,0
2021-09-13,120105031.28,1067538.91,245978.29,351520.44,194835.97,253504.25,213138.93,0,0,0,0,0
2021-09-20,107417200.03,2608224.74,237302.12,337590.86,127515.53,468815.62,117814.98,0,0,0,0,0
2021-09-27,131012016.23,2325925.08,222207.0,252787.12,85227.09,429716.93,235054.02,0,0,0,0,0
2021-10-04,76268345.39,584113.51,178953.52,484670.73,178180.26,371357.55,273266.57,0,0,0,0,0
2021-10-11,80611028.0,189446.14,183573.92,384641.7,141880.3,660432.82,261686.08,0,0,0,0,1
2021-10-18,79572768.84,1282842.44,224333.07,355133.06,139004.45,393278.72,161016.05,0,0,0,0,0
2021-10-25,66060301.11,881781.35,119705.22,359164.73,4545.41,782378.87,162358.35,0,0,0,0,0
2021-11-01,72700606.53,1196509.31,241231.69,392867.81,52833.16,876460.97,183940.34,0,0,0,0,0
2021-11-08,136053954.35,1244976.07,255600.34,426615.41,115397.11,1121398.13,376352.53,0,0,0,0,1
2021-11-15,96854337.23,1345728.4,273717.99,648457.72,138738.1,821167.38,480362.47,0,0,0,0,0
2021-11-22,266763635.15,2044753.07,725474.99,484479.23,475658.65,1324054.59,714382.34,1,0,1,0,0
2021-11-29,284614964.55,167929.43,480902.93,768964.89,177373.27,2967452.32,802825.85,1,0,0,0,0
2021-12-06,158357676.83,1848494.61,303064.9,1314459.79,444502.55,1353157.29,381060.3,0,0,0,0,0
2021-12-13,309215068.23,2418513.64,541416.17,1537670.26,854293.29,1209821.03,386570.03,1,0,0,0,0
2021-12-20,316656270.01,2644806.79,325515.47,1575676.38,349985.07,911602.1,504729.18,0,1,0,0,0
2021-12-27,110935268.13,2385782.73,518117.36,728279.18,259534.77,395745.64,252319.8,0,1,0,0,0
2022-01-03,100135913.77,103139.08,82223.44,328570.1,23288.63,578575.64,358903.66,0,0,0,0,0
2022-01-10,107974049.52,1050445.85,112627.65,618247.89,60153.55,316169.9,178384.77,0,0,0,0,0
2022-01-17,94444630.63,1218811.4,129196.3,316326.17,24315.46,584403.2,313406.86,0,0,0,0,1
2022-01-24,91667610.77,1001285.33,139535.76,362917.25,35232.49,625135.38,334128.01,0,0,0,0,0
2022-01-31,122474073.3,1328165.24,77339.48,312708.21,58042.12,388255.8,329989.02,0,0,0,0,0
2022-02-07,75063823.41,194433.52,177837.78,299379.13,171093.06,596925.83,322053.03,0,0,0,0,0
2022-02-14,129893499.75,1304676.16,136473.69,194298.28,87859.07,579768.48,191818.86,0,0,0,0,1
2022-02-21,60605528.1,1284451.36,90398.7,109340.96,460.93,336085.43,315903.95,0,0,0,0,0
2022-02-28,103421322.98,1023587.25,87352.35,165401.62,89894.26,329146.34,299881.4,0,0,0,0,0
2022-03-07,76382352.15,800068.5,201881.04,164916.43,40948.51,328451.87,303861.45,0,0,0,0,0
2022-03-14,119946737.46,1732526.98,211745.12,208130.09,100805.24,331324.86,310275.0,0,0,0,0,0
2022-03-21,147092210.04,1282303.49,257682.38,326680.08,134275.83,338884.22,174417.13,0,0,0,0,0
2022-03-28,71700405.78,831446.68,236860.58,335459.12,158527.38,641926.22,297254.52,0,0,0,0,1
2022-04-04,115783630.58,149188.9,205054.89,119802.97,122410.21,360894.82,280755.52,0,0,0,0,0
2022-04-11,69984581.26,1050985.56,205517.35,323133.36,144763.78,356113.33,183084.24,0,0,0,0,0
2022-04-18,102001459.6,1971835.05,104089.04,86205.91,16761.98,329082.85,284468.11,0,0,0,0,0
2022-04-25,167318580.85,1410813.12,320987.58,222924.77,144869.1,1033709.77,399796.7,0,0,0,0,0
2022-05-02,178059738.77,1017378.28,317762.23,400347.64,215809.86,946203.68,372635.69,0,0,0,0,0
2022-05-09,68450533.15,905347.01,139821.3,206795.24,28363.15,510161.27,163999.9,0,0,0,0,1
2022-05-16,68943411.65,1267743.9,147170.79,134208.47,66035.7,546948.46,171445.33,0,0,0,0,0
2022-05-23,133595104.85,1278999.92,233105.85,135284.3,168372.96,376792.64,167301.68,0,0,0,0,0
2022-05-30,148378333.89,438599.67,347079.08,278270.19,111167.56,668112.62,167658.34,0,0,0,1,0
2022-06-06,73147587.25,1677457.48,290422.5,128247.84,49270.2,471459.89,145476.09,0,0,0,0,0
2022-06-13,96288872.66,1005343.09,364145.58,211940.09,231099.6,306997.81,154283.71,0,0,0,0,0
2022-06-20,105197934.53,1270940.32,200260.94,151588.96,78671.61,319948.17,138043.81,0,0,0,0,1
2022-06-27,121571891.11,496185.97,211589.35,175457.98,166088.69,331491.75,236817.75,0,0,0,0,0
2022-07-04,72649096.13,676443.11,173511.57,199941.28,153166.32,516745.58,265315.54,0,0,0,1,0
2022-07-11,67590385.7,895904.16,198245.65,135184.52,64129.75,303482.02,265379.84,1,0,0,0,0
2022-07-18,106769491.64,892579.39,155713.77,152245.55,37604.32,275622.35,158618.19,0,0,0,0,0
2022-07-25,59467252.73,1355855.65,205816.67,75605.4,25303.74,271116.84,154867.33,0,0,0,0,0
2022-08-01,82128543.59,990535.22,222504.41,295425.28,173285.0,280370.18,276352.31,0,0,0,0,0
2022-08-08,65541198.93,381455.88,243131.81,177739.29,78103.75,545579.12,166957.02,0,0,0,0,0
2022-08-15,106721323.17,705201.56,131783.71,172999.96,55089.19,483969.66,246657.38,0,0,0,0,0
2022-08-22,114484778.2,1523602.27,249315.12,89246.64,96106.82,600739.47,259992.97,0,0,0,0,0
2022-08-29,122455558.38,1276424.53,260471.43,156062.65,209008.72,381226.6,281494.92,0,0,0,0,0
2022-09-05,75900884.52,1196430.38,316174.18,297880.46,104259.19,414019.02,302393.64,0,0,0,1,0
2022-09-12,70273178.48,859275.13,301503.27,199364.89,96832.54,344847.76,166148.47,0,0,0,0,0
2022-09-19,67698703.04,3340240.2,160045.33,151742.22,177397.94,517636.69,260810.91,0,0,0,0,0
2022-09-26,80513757.69,979485.54,273243.09,168332.52,162842.95,305275.69,298280.24,0,0,0,0,0
2022-10-03,73406382.88,809153.77,180338.42,190593.19,77019.42,375470.57,309885.28,0,0,0,0,0
2022-10-10,70349708.21,178968.38,382416.35,128056.98,76751.88,415266.81,306453.35,0,0,0,0,1
2022-10-17,118864000.91,1921771.06,240046.13,165522.85,74898.27,667752.09,320649.97,0,0,0,0,0
2022-10-24,117696268.21,660984.96,217069.43,99132.72,43514.23,507638.77,352272.4,0,0,0,0,0
2022-10-31,117229864.42,974422.67,379119.65,131577.2,51006.72,485774.15,197996.02,0,0,0,0,0
2022-11-07,68985435.34,1884404.34,570811.81,294376.79,176059.66,1156416.03,244480.62,0,0,0,0,1
2022-11-14,173165077.1,2060382.39,713029.92,201164.24,280192.68,1142751.21,597743.38,0,0,0,0,0
2022-11-21,262833597.35,673083.77,910766.85,403333.87,217767.17,3111854.25,868931.15,1,0,1,0,0
2022-11-28,156500043.62,3308500.86,739014.71,157522.36,272072.09,2630319.68,604337.95,1,0,0,0,0
2022-12-05,244445235.32,1743994.96,762902.88,276333.06,297398.44,2838969.33,469168.35,0,0,0,0,0
2022-12-12,160918508.53,1577867.73,379262.76,184066.84,514143.06,1404236.17,461752.82,1,0,0,0,0
2022-12-19,196824000.84,3084208.02,600619.08,419489.79,427878.24,745719.53,353912.65,0,1,0,0,0
2022-12-26,103224466.86,455060.28,389176.53,475337.83,184193.68,496274.08,326381.3,0,1,0,0,0
2023-01-02,104301462.07,345857.56,131787.46,214595.43,27323.62,412977.33,275711.35,0,1,0,0,0
2023-01-09,101699846.9,1465741.61,118319.55,93560.37,52590.42,552715.05,368352.19,0,0,0,0,0
2023-01-16,52219612.66,1352637.31,191486.36,106475.67,0.0,379487.24,357713.64,0,0,0,0,1
2023-01-23,89365712.75,1210233.67,252416.93,84816.95,20935.8,710310.36,354342.42,0,0,0,0,0
2023-01-30,101987589.81,556875.72,166172.44,70647.59,53943.92,724443.94,216682.0,0,0,0,0,0
2023-02-06,66471079.31,1185923.61,103341.18,212583.83,117678.26,376488.26,205354.3,0,0,0,0,0
2023-02-13,110582304.37,429325.34,122485.15,179648.35,77367.43,347295.85,352786.84,0,0,0,0,1
2023-02-20,115922164.06,630904.25,147957.34,101346.35,81381.02,652264.7,204584.94,0,0,0,0,1
2023-02-27,65559805.13,584469.63,133293.28,111964.04,62295.17,653841.21,357932.14,0,0,0,0,0
2023-03-06,93381712.35,933811.97,235189.2,118900.74,116576.48,555316.63,185111.53,0,0,0,0,0
2023-03-13,135387953.11,491727.04,293193.37,109109.63,52642.75,733270.43,343795.39,0,0,0,0,0
2023-03-20,70539768.43,2088216.53,298920.07,137623.39,91843.89,472682.64,347439.56,0,0,0,0,0
2023-03-27,126019360.05,606756.93,219306.5,137384.26,50030.16,728587.65,216749.22,0,0,0,0,0
2023-04-03,112307415.69,852515.57,371370.52,178020.18,148441.86,706031.17,344833.74,0,0,0,0,0
2023-04-10,68866001.06,189057.34,357442.93,191487.47,48998.94,663602.21,178421.61,0,0,0,0,0
2023-04-17,95496217.33,1653313.96,260519.09,59936.78,23379.98,367634.65,303021.73,0,0,0,0,1
2023-04-24,142738562.32,972116.88,271899.48,46064.33,30176.81,503229.76,347379.35,0,0,0,0,0
2023-05-01,83347859.04,1246954.45,309792.23,111467.8,158699.46,1196829.35,423867.24,0,0,0,0,0
2023-05-08,94159852.05,786739.86,378563.78,203418.56,182604.95,729152.0,217009.84,0,0,0,0,0
2023-05-15,112837628.6,1774994.61,193382.76,105766.16,75576.39,509511.06,167740.98,0,0,0,0,1
2023-05-22,69908835.09,724092.71,259000.72,190789.1,98819.98,698303.08,181815.0,0,0,0,0,0
2023-05-29,132200529.97,436827.86,287217.55,68699.8,64416.31,500846.36,209792.86,0,0,0,1,0
2023-06-05,68543070.7,1029745.34,428582.38,87328.63,60127.34,378948.72,182881.7,0,0,0,0,0
2023-06-12,92142162.16,868692.96,534817.6,118195.38,370311.59,781984.85,204427.58,0,0,0,0,0
2023-06-19,106947069.22,807097.23,244929.66,92657.22,25794.56,688495.41,171107.69,0,0,0,0,1
2023-06-26,112496190.36,145340.72,290014.63,193833.39,52172.68,397994.96,175324.41,0,0,0,0,0
2023-07-03,68225430.0,548433.07,225322.86,162572.36,58060.65,670547.08,189569.75,0,0,0,1,0
2023-07-10,114277159.93,86369.45,244205.41,87158.28,38580.13,617253.32,190778.34,1,0,0,0,0
2023-07-17,58019741.82,1224531.01,237799.07,47625.82,8129.56,289997.87,155180.78,0,0,0,0,0
2023-07-24,56437024.62,912436.94,184453.62,68857.26,6664.61,354935.57,289797.77,0,0,0,0,0
2023-07-31,117854320.92,883436.35,210980.45,166457.17,73899.94,754076.23,338105.95,0,0,0,0,0
2023-08-07,111580899.19,172304.08,184336.02,133948.92,67979.38,356519.11,162928.67,0,0,0,0,0
2023-08-14,100483830.52,641120.65,396264.21,84103.92,81823.47,495180.08,270832.4,0,0,0,0,0
2023-08-21,60577398.79,2060096.61,301385.78,48909.66,14503.08,294968.05,282761.21,0,0,0,0,0
2023-08-28,61991081.05,342024.37,177311.98,85047.75,46583.89,673598.79,181735.49,0,0,0,0,0
2023-09-04,111132073.48,1019496.62,253481.56,122462.35,80610.16,400849.94,165272.81,0,0,0,1,0
2023-09-11,107092312.83,1504592.54,561247.09,119369.57,236202.04,316732.33,164946.33,0,0,0,0,0
2023-09-18,138782419.77,1026254.87,619126.88,75186.86,110859.58,435798.12,325009.64,0,0,0,0,0
2023-09-25,111142014.78,1969928.3,281080.17,82811.57,79037.57,369662.51,164306.69,0,0,0,0,0
2023-10-02,73396058.85,530865.89,376132.58,232353.22,87244.18,652655.07,180329.24,0,0,0,0,0
2023-10-09,113588191.83,892606.1,458044.63,191155.47,17755.32,710985.19,316814.69,0,0,0,0,1
2023-10-16,122604616.46,1427280.39,448595.01,115217.29,60284.39,726798.68,195982.55,0,0,0,0,0
2023-10-23,67692421.14,444587.02,363490.18,135104.14,29209.01,602744.11,406765.31,0,0,0,0,0
2023-10-30,115916505.63,1967791.58,435412.64,79625.29,23885.12,744284.17,247454.01,0,0,0,0,0
2023-11-06,89058962.84,758040.58,774189.51,179386.81,77651.62,827748.38,300163.99,0,0,0,0,1
2023-11-13,92095068.59,1441403.46,503291.17,171197.89,256198.15,1114007.15,350187.96,0,0,0,0,0
2023-11-20,175210425.05,324174.61,697473.37,217573.51,327554.89,2338977.36,597240.53,1,0,1,0,0
2023-11-27,257176289.78,1499085.52,725213.86,128461.46,246247.8,2392147.48,914990.81,1,0,0,0,0
2023-12-04,229328134.63,1629862.52,729663.74,45724.24,325427.52,2999243.31,787773.05,0,0,0,0,0
2023-12-11,169689322.15,957881.7,860459.67,219778.79,692634.91,1739025.75,494234.17,1,0,0,0,0
2023-12-18,369219576.66,1942816.23,710528.8,230199.54,403248.81,1227495.2,428237.01,0,0,0,0,0
2023-12-25,187043821.24,689201.62,408666.54,163249.56,125941.84,739571.3,358235.05,0,1,0,0,0
2024-01-01,105365889.37,71826.65,232127.12,83756.62,3817.4,462614.18,274404.28,0,1,0,0,0
2024-01-08,98567275.9,254081.4,176976.65,103336.0,45019.22,517632.26,343923.44,0,0,0,0,0
2024-01-15,53618159.58,48003.76,258174.75,123700.07,3026.1,256933.07,190233.24,0,0,0,0,1
2024-01-22,46063803.7,1471102.62,197494.79,70736.0,0.0,411879.93,170962.54,0,0,0,0,0
2024-01-29,56713300.25,975319.33,137337.33,89955.51,33252.31,771237.58,361867.7,0,0,0,0,0
2024-02-05,70010949.56,659867.71,260996.61,178102.8,45350.71,671817.63,202665.44,0,0,0,0,0
2024-02-12,70831166.08,864539.08,335440.34,141071.67,81537.2,623152.06,198254.9,0,0,0,0,1
2024-02-19,105418778.25,90740.07,213604.63,94548.07,50748.57,400608.91,212562.22,0,0,0,0,1
2024-02-26,99721879.94,1028206.71,147755.69,112447.04,34218.71,342457.05,327880.49,0,0,0,0,0
2024-03-04,105690919.07,461348.73,201412.52,87587.39,6893.14,584176.2,316448.63,0,0,0,0,0
2024-03-11,58952873.11,2094534.04,330686.44,112894.45,84369.92,317605.14,326530.28,0,0,0,0,0
2024-03-18,159795256.48,262872.43,344816.02,160356.16,80722.66,978212.48,404267.6,0,0,0,0,0
2024-03-25,120766371.48,1349614.44,421137.24,148505.81,78180.3,390699.33,330590.31,0,0,0,0,0
2024-04-01,62601807.6,185106.46,230969.08,119830.28,78901.19,725535.66,353324.28,0,0,0,0,1
2024-04-08,100504383.8,89586.52,297873.15,167753.89,27909.78,379887.52,191691.08,0,0,0,0,0
2024-04-15,113943573.83,724138.99,461078.47,60016.11,40529.06,366594.09,328010.3,0,0,0,0,0
2024-04-22,134862639.37,1729926.95,404513.06,44990.43,31373.74,421597.01,350283.32,0,0,0,0,0
2024-04-29,143966450.66,2104373.31,453831.41,103741.93,170625.47,645279.87,245564.79,0,0,0,0,0
2024-05-06,99259550.47,218244.64,409117.6,83874.98,247401.55,575094.12,383854.18,0,0,0,0,0
2024-05-13,119123833.6,853074.93,401243.56,183129.54,122733.52,377960.6,341971.69,0,0,0,0,1
2024-05-20,120817839.42,65896.59,393886.12,165978.68,154727.34,474864.18,201880.04,0,0,0,0,0
2024-05-27,74044865.65,939934.95,224561.65,114494.51,118069.66,843481.82,380066.99,0,0,0,1,0
2024-06-03,60259948.14,1139517.32,583253.24,178409.58,43290.33,356519.99,318724.26,0,0,0,0,0
2024-06-10,92024937.86,647335.5,590170.42,134800.19,262476.09,846261.38,203083.01,0,0,0,0,0
2024-06-17,108969692.19,90192.49,633939.94,58909.22,25517.18,702768.41,182118.13,0,0,0,0,1
2024-06-24,105423985.63,699520.9,605229.24,34356.33,61535.69,422238.18,299098.81,0,0,0,0,0
2024-07-01,68790840.79,68985.45,427690.96,63457.04,81628.93,1078389.46,229381.02,0,0,0,1,0
2024-07-08,122667036.47,43595.96,251604.46,82485.75,29866.89,853360.07,378944.7,1,0,0,0,0
2024-07-15,64523578.2,739110.76,226958.66,107567.49,43722.76,742143.74,195827.9,0,0,0,0,0
2024-07-22,56020374.96,981630.54,234263.77,54891.15,10651.88,502051.74,161236.73,0,0,0,0,0
2024-07-29,101895478.87,81290.78,187871.08,5765.12,738.19,304750.96,308309.26,0,0,0,0,0
